event_id,attempt_id,student_id,quiz_id,event_type,severity,event_time
1,2,2,7,multiple_faces,low,2026-02-27 22:38:00
2,2,2,7,fullscreen_exit,low,2026-02-27 22:38:00
3,3,148,5,fullscreen_exit,high,2026-02-28 02:43:00
4,5,37,1,multiple_faces,high,2026-01-22 09:38:00
5,5,37,1,camera_off,low,2026-01-22 09:38:00
6,6,148,8,multiple_faces,low,2026-01-16 14:44:00
7,6,148,8,tab_switch,low,2026-01-16 14:44:00
8,6,148,8,camera_off,medium,2026-01-16 14:44:00
9,7,257,9,fullscreen_exit,medium,2026-03-05 14:05:00
10,7,257,9,camera_off,high,2026-03-05 14:05:00
11,8,129,1,camera_off,high,2026-01-12 07:43:00
12,8,129,1,multiple_faces,low,2026-01-12 07:43:00
13,8,129,1,multiple_faces,low,2026-01-12 07:43:00
14,9,11,5,multiple_faces,low,2026-03-15 01:48:00
15,9,11,5,multiple_faces,high,2026-03-15 01:48:00
16,11,241,6,camera_off,medium,2026-02-22 10:20:00
17,11,241,6,camera_off,low,2026-02-22 10:20:00
18,11,241,6,camera_off,high,2026-02-22 10:20:00
19,13,19,8,multiple_faces,high,2026-01-12 10:16:00
20,14,1,9,camera_off,medium,2026-03-01 13:03:00
21,14,1,9,camera_off,low,2026-03-01 13:03:00
22,14,1,9,tab_switch,low,2026-03-01 13:03:00
23,16,249,2,camera_off,low,2026-01-04 20:38:00
24,17,82,5,tab_switch,high,2026-03-12 00:35:00
25,19,140,7,camera_off,medium,2026-03-03 15:15:00
26,20,98,10,fullscreen_exit,low,2026-03-07 23:56:00
27,22,297,8,fullscreen_exit,low,2026-01-20 14:34:00
28,22,297,8,camera_off,high,2026-01-20 14:34:00
29,23,279,7,multiple_faces,medium,2026-02-28 10:55:00
30,23,279,7,tab_switch,medium,2026-02-28 10:55:00
31,27,80,2,tab_switch,low,2026-03-02 08:21:00
32,27,80,2,multiple_faces,high,2026-03-02 08:21:00
33,27,80,2,tab_switch,low,2026-03-02 08:21:00
34,32,184,6,camera_off,medium,2026-02-25 04:15:00
35,32,184,6,tab_switch,medium,2026-02-25 04:15:00
36,33,90,2,multiple_faces,low,2026-03-20 12:39:00
37,33,90,2,multiple_faces,high,2026-03-20 12:39:00
38,35,148,9,multiple_faces,medium,2026-01-21 02:28:00
39,36,218,5,multiple_faces,low,2026-02-28 09:12:00
40,40,50,1,tab_switch,low,2026-02-09 14:02:00
41,41,152,6,fullscreen_exit,medium,2026-02-23 05:12:00
42,41,152,6,tab_switch,low,2026-02-23 05:12:00
43,41,152,6,fullscreen_exit,low,2026-02-23 05:12:00
44,45,189,5,camera_off,low,2026-03-16 12:52:00
45,46,120,8,tab_switch,low,2026-01-04 19:56:00
46,46,120,8,tab_switch,medium,2026-01-04 19:56:00
47,49,233,6,camera_off,medium,2026-03-11 13:37:00
48,53,63,8,fullscreen_exit,medium,2026-01-12 21:13:00
49,54,171,4,multiple_faces,medium,2026-01-17 18:13:00
50,55,111,4,multiple_faces,low,2026-02-12 04:50:00
51,58,166,1,fullscreen_exit,medium,2026-01-23 08:03:00
52,58,166,1,tab_switch,high,2026-01-23 08:03:00
53,59,59,2,fullscreen_exit,low,2026-03-02 14:49:00
54,59,59,2,camera_off,high,2026-03-02 14:49:00
55,60,258,4,multiple_faces,medium,2026-03-20 01:46:00
56,61,267,5,fullscreen_exit,medium,2026-02-28 20:01:00
57,62,219,2,multiple_faces,medium,2026-03-04 22:58:00
58,65,111,7,tab_switch,medium,2026-02-27 07:26:00
59,65,111,7,camera_off,low,2026-02-27 07:26:00
60,66,213,2,fullscreen_exit,high,2026-02-10 13:20:00
61,66,213,2,multiple_faces,medium,2026-02-10 13:20:00
62,66,213,2,fullscreen_exit,medium,2026-02-10 13:20:00
63,70,260,4,fullscreen_exit,low,2026-01-20 21:30:00
64,70,260,4,tab_switch,low,2026-01-20 21:30:00
65,71,285,6,fullscreen_exit,low,2026-01-15 08:36:00
66,72,286,1,tab_switch,low,2026-03-19 21:53:00
67,72,286,1,fullscreen_exit,high,2026-03-19 21:53:00
68,75,272,4,fullscreen_exit,low,2026-02-18 13:29:00
69,76,167,10,multiple_faces,medium,2026-03-18 02:56:00
70,77,42,5,camera_off,low,2026-02-26 21:27:00
71,78,140,4,tab_switch,high,2026-03-07 03:22:00
72,79,250,9,multiple_faces,high,2026-02-09 01:14:00
73,79,250,9,multiple_faces,medium,2026-02-09 01:14:00
74,80,105,5,camera_off,low,2026-01-28 04:48:00
75,80,105,5,tab_switch,medium,2026-01-28 04:48:00
76,81,4,8,fullscreen_exit,medium,2026-02-25 05:08:00
77,83,10,8,fullscreen_exit,high,2026-01-10 10:36:00
78,85,46,7,fullscreen_exit,low,2026-01-14 07:27:00
79,86,159,6,tab_switch,medium,2026-01-29 10:49:00
80,88,121,2,multiple_faces,low,2026-01-19 08:12:00
81,88,121,2,tab_switch,medium,2026-01-19 08:12:00
82,89,91,8,tab_switch,medium,2026-03-01 18:48:00
83,91,29,6,fullscreen_exit,medium,2026-03-06 02:19:00
84,91,29,6,fullscreen_exit,medium,2026-03-06 02:19:00
85,93,260,7,fullscreen_exit,medium,2026-03-01 18:35:00
86,94,231,10,multiple_faces,medium,2026-01-25 10:38:00
87,95,231,2,multiple_faces,medium,2026-02-13 22:05:00
88,96,127,8,tab_switch,medium,2026-02-26 16:33:00
89,96,127,8,tab_switch,low,2026-02-26 16:33:00
90,98,169,2,camera_off,low,2026-03-13 21:24:00
91,98,169,2,fullscreen_exit,high,2026-03-13 21:24:00
92,99,42,10,camera_off,low,2026-01-19 11:19:00
93,101,270,2,fullscreen_exit,high,2026-02-24 16:23:00
94,102,110,6,tab_switch,medium,2026-03-04 06:14:00
95,102,110,6,tab_switch,low,2026-03-04 06:14:00
96,102,110,6,tab_switch,medium,2026-03-04 06:14:00
97,105,23,7,multiple_faces,medium,2026-02-16 21:46:00
98,106,230,4,camera_off,high,2026-03-10 07:19:00
99,107,100,6,camera_off,medium,2026-03-15 14:29:00
100,108,196,9,multiple_faces,high,2026-03-09 13:10:00
101,108,196,9,multiple_faces,high,2026-03-09 13:10:00
102,110,53,9,multiple_faces,high,2026-01-16 09:05:00
103,111,231,9,fullscreen_exit,medium,2026-01-19 13:05:00
104,112,231,6,multiple_faces,low,2026-01-04 13:03:00
105,112,231,6,tab_switch,medium,2026-01-04 13:03:00
106,113,198,2,tab_switch,medium,2026-02-17 07:01:00
107,113,198,2,camera_off,high,2026-02-17 07:01:00
108,114,75,3,camera_off,high,2026-01-05 09:58:00
109,116,132,4,tab_switch,low,2026-01-20 17:46:00
110,116,132,4,tab_switch,high,2026-01-20 17:46:00
111,116,132,4,camera_off,medium,2026-01-20 17:46:00
112,117,148,4,camera_off,medium,2026-02-08 03:03:00
113,117,148,4,tab_switch,medium,2026-02-08 03:03:00
114,119,150,7,fullscreen_exit,medium,2026-01-01 19:22:00
115,120,44,9,camera_off,high,2026-02-16 02:33:00
116,123,23,6,multiple_faces,medium,2026-03-11 10:52:00
117,123,23,6,camera_off,medium,2026-03-11 10:52:00
118,123,23,6,camera_off,low,2026-03-11 10:52:00
119,127,147,6,tab_switch,low,2026-01-07 20:21:00
120,127,147,6,multiple_faces,low,2026-01-07 20:21:00
121,128,205,8,camera_off,low,2026-02-19 10:11:00
122,129,266,5,camera_off,medium,2026-01-11 23:27:00
123,129,266,5,tab_switch,medium,2026-01-11 23:27:00
124,130,151,6,multiple_faces,medium,2026-01-14 02:20:00
125,132,141,1,tab_switch,medium,2026-01-10 21:40:00
126,132,141,1,multiple_faces,low,2026-01-10 21:40:00
127,132,141,1,camera_off,medium,2026-01-10 21:40:00
128,133,74,10,fullscreen_exit,low,2026-02-26 01:08:00
129,138,103,2,camera_off,medium,2026-01-18 02:28:00
130,138,103,2,camera_off,medium,2026-01-18 02:28:00
131,138,103,2,camera_off,high,2026-01-18 02:28:00
132,140,90,6,multiple_faces,low,2026-03-07 07:07:00
133,141,122,8,camera_off,low,2026-01-04 11:35:00
134,149,173,10,multiple_faces,medium,2026-01-06 00:05:00
135,152,226,7,fullscreen_exit,medium,2026-03-03 14:13:00
136,152,226,7,camera_off,low,2026-03-03 14:13:00
137,153,164,6,fullscreen_exit,high,2026-02-21 04:48:00
138,153,164,6,fullscreen_exit,high,2026-02-21 04:48:00
139,154,124,8,tab_switch,low,2026-01-16 08:28:00
140,156,168,10,multiple_faces,high,2026-02-10 06:48:00
141,156,168,10,fullscreen_exit,high,2026-02-10 06:48:00
142,156,168,10,camera_off,low,2026-02-10 06:48:00
143,160,188,7,camera_off,low,2026-02-16 01:25:00
144,160,188,7,multiple_faces,medium,2026-02-16 01:25:00
145,165,164,3,tab_switch,high,2026-02-20 19:47:00
146,167,244,1,tab_switch,medium,2026-02-17 10:43:00
147,168,158,1,multiple_faces,low,2026-03-18 15:16:00
148,168,158,1,tab_switch,low,2026-03-18 15:16:00
149,169,27,10,fullscreen_exit,low,2026-03-03 05:33:00
150,170,125,1,camera_off,low,2026-03-15 22:07:00
151,171,215,3,tab_switch,medium,2026-02-22 22:13:00
152,171,215,3,fullscreen_exit,medium,2026-02-22 22:13:00
153,172,71,9,fullscreen_exit,high,2026-01-27 17:20:00
154,174,280,6,fullscreen_exit,medium,2026-02-03 19:30:00
155,177,148,2,multiple_faces,low,2026-03-15 21:34:00
156,179,246,4,tab_switch,low,2026-01-26 17:17:00
157,180,71,2,camera_off,high,2026-03-20 23:37:00
158,180,71,2,camera_off,medium,2026-03-20 23:37:00
159,180,71,2,multiple_faces,low,2026-03-20 23:37:00
160,182,71,1,multiple_faces,medium,2026-03-12 05:26:00
161,185,19,7,multiple_faces,high,2026-03-05 05:59:00
162,185,19,7,tab_switch,medium,2026-03-05 05:59:00
163,185,19,7,multiple_faces,high,2026-03-05 05:59:00
164,187,233,9,fullscreen_exit,medium,2026-03-09 15:56:00
165,187,233,9,multiple_faces,high,2026-03-09 15:56:00
166,187,233,9,multiple_faces,medium,2026-03-09 15:56:00
167,190,208,7,fullscreen_exit,high,2026-03-07 10:05:00
168,192,137,6,fullscreen_exit,medium,2026-02-08 18:46:00
169,192,137,6,tab_switch,low,2026-02-08 18:46:00
170,193,121,1,camera_off,medium,2026-01-16 14:19:00
171,194,152,6,fullscreen_exit,high,2026-03-20 07:14:00
172,195,79,8,camera_off,medium,2026-03-19 11:26:00
173,196,276,4,tab_switch,medium,2026-02-01 21:48:00
174,200,68,9,tab_switch,medium,2026-02-23 14:36:00
175,203,242,1,tab_switch,low,2026-02-06 13:11:00
176,207,2,1,camera_off,low,2026-02-08 14:43:00
177,207,2,1,fullscreen_exit,low,2026-02-08 14:43:00
178,208,273,7,camera_off,medium,2026-01-30 07:29:00
179,208,273,7,tab_switch,medium,2026-01-30 07:29:00
180,208,273,7,camera_off,low,2026-01-30 07:29:00
181,209,58,1,fullscreen_exit,low,2026-02-23 19:49:00
182,210,124,4,multiple_faces,medium,2026-01-09 03:38:00
183,210,124,4,multiple_faces,low,2026-01-09 03:38:00
184,211,23,7,fullscreen_exit,high,2026-02-26 07:34:00
185,211,23,7,fullscreen_exit,low,2026-02-26 07:34:00
186,212,258,5,fullscreen_exit,high,2026-01-30 23:36:00
187,214,90,7,fullscreen_exit,low,2026-03-13 15:03:00
188,214,90,7,multiple_faces,high,2026-03-13 15:03:00
189,218,125,5,multiple_faces,high,2026-01-27 10:41:00
190,218,125,5,camera_off,medium,2026-01-27 10:41:00
191,218,125,5,multiple_faces,low,2026-01-27 10:41:00
192,222,246,4,fullscreen_exit,medium,2026-03-19 22:13:00
193,222,246,4,fullscreen_exit,medium,2026-03-19 22:13:00
194,222,246,4,multiple_faces,medium,2026-03-19 22:13:00
195,223,165,5,multiple_faces,low,2026-02-18 14:34:00
196,223,165,5,tab_switch,medium,2026-02-18 14:34:00
197,223,165,5,tab_switch,low,2026-02-18 14:34:00
198,224,185,9,fullscreen_exit,low,2026-03-05 14:06:00
199,225,241,6,fullscreen_exit,low,2026-01-27 11:20:00
200,226,9,5,fullscreen_exit,low,2026-03-12 18:37:00
201,227,79,4,multiple_faces,low,2026-02-12 07:24:00
202,227,79,4,multiple_faces,high,2026-02-12 07:24:00
203,229,87,6,multiple_faces,low,2026-01-22 04:46:00
204,229,87,6,tab_switch,low,2026-01-22 04:46:00
205,231,71,4,tab_switch,medium,2026-01-09 22:09:00
206,231,71,4,tab_switch,medium,2026-01-09 22:09:00
207,231,71,4,multiple_faces,high,2026-01-09 22:09:00
208,234,147,1,tab_switch,high,2026-03-06 22:43:00
209,237,154,2,multiple_faces,low,2026-01-05 02:25:00
210,239,49,9,camera_off,medium,2026-01-06 07:13:00
211,240,139,1,tab_switch,medium,2026-01-10 21:59:00
212,241,162,1,camera_off,low,2026-01-27 18:09:00
213,244,51,7,tab_switch,low,2026-01-30 02:21:00
214,244,51,7,camera_off,low,2026-01-30 02:21:00
215,245,16,5,multiple_faces,medium,2026-02-27 15:14:00
216,249,185,5,camera_off,high,2026-01-14 04:05:00
217,249,185,5,fullscreen_exit,high,2026-01-14 04:05:00
218,249,185,5,multiple_faces,high,2026-01-14 04:05:00
219,250,285,9,multiple_faces,low,2026-02-22 03:01:00
220,251,198,1,camera_off,low,2026-02-07 13:24:00
221,252,287,4,camera_off,low,2026-03-15 16:10:00
222,252,287,4,camera_off,medium,2026-03-15 16:10:00
223,253,138,5,fullscreen_exit,high,2026-02-04 15:09:00
224,255,101,8,fullscreen_exit,high,2026-01-14 04:19:00
225,258,204,6,multiple_faces,medium,2026-02-07 23:44:00
226,258,204,6,multiple_faces,low,2026-02-07 23:44:00
227,260,280,3,multiple_faces,low,2026-03-12 00:46:00
228,261,150,2,tab_switch,high,2026-02-22 21:31:00
229,262,130,3,multiple_faces,low,2026-02-24 12:04:00
230,263,206,9,fullscreen_exit,low,2026-03-06 22:26:00
231,263,206,9,multiple_faces,high,2026-03-06 22:26:00
232,263,206,9,multiple_faces,medium,2026-03-06 22:26:00
233,266,266,9,camera_off,medium,2026-03-16 22:36:00
234,267,238,10,multiple_faces,high,2026-03-06 04:22:00
235,267,238,10,tab_switch,low,2026-03-06 04:22:00
236,267,238,10,camera_off,medium,2026-03-06 04:22:00
237,268,54,5,fullscreen_exit,medium,2026-02-23 02:07:00
238,269,73,6,camera_off,medium,2026-02-09 10:29:00
239,270,248,6,fullscreen_exit,medium,2026-03-02 03:28:00
240,270,248,6,tab_switch,high,2026-03-02 03:28:00
241,271,164,2,multiple_faces,high,2026-02-08 01:51:00
242,272,176,2,fullscreen_exit,low,2026-01-22 23:15:00
243,273,287,7,fullscreen_exit,high,2026-03-01 07:51:00
244,274,222,7,multiple_faces,low,2026-01-04 23:39:00
245,276,53,9,camera_off,low,2026-01-24 11:20:00
246,276,53,9,tab_switch,high,2026-01-24 11:20:00
247,278,181,8,multiple_faces,medium,2026-03-21 05:52:00
248,278,181,8,camera_off,high,2026-03-21 05:52:00
249,278,181,8,camera_off,low,2026-03-21 05:52:00
250,279,44,3,camera_off,high,2026-02-10 03:15:00
251,279,44,3,multiple_faces,medium,2026-02-10 03:15:00
252,280,73,9,tab_switch,high,2026-02-19 13:38:00
253,280,73,9,fullscreen_exit,low,2026-02-19 13:38:00
254,280,73,9,tab_switch,high,2026-02-19 13:38:00
255,282,86,8,tab_switch,low,2026-02-06 04:11:00
256,282,86,8,fullscreen_exit,low,2026-02-06 04:11:00
257,283,184,1,multiple_faces,low,2026-03-04 04:12:00
258,284,259,8,camera_off,low,2026-02-22 21:31:00
259,284,259,8,fullscreen_exit,medium,2026-02-22 21:31:00
260,284,259,8,multiple_faces,high,2026-02-22 21:31:00
261,288,22,8,camera_off,low,2026-03-11 06:27:00
262,288,22,8,tab_switch,high,2026-03-11 06:27:00
263,289,17,8,tab_switch,low,2026-02-03 11:55:00
264,289,17,8,tab_switch,low,2026-02-03 11:55:00
265,289,17,8,tab_switch,medium,2026-02-03 11:55:00
266,290,61,4,tab_switch,medium,2026-01-27 23:37:00
267,290,61,4,camera_off,high,2026-01-27 23:37:00
268,291,72,4,multiple_faces,low,2026-01-27 01:36:00
269,292,87,6,multiple_faces,high,2026-02-07 09:36:00
270,292,87,6,fullscreen_exit,medium,2026-02-07 09:36:00
271,293,211,1,camera_off,low,2026-02-05 20:08:00
272,295,251,3,tab_switch,high,2026-03-15 20:17:00
273,297,250,6,fullscreen_exit,low,2026-03-16 00:55:00
274,297,250,6,tab_switch,medium,2026-03-16 00:55:00
275,299,109,8,fullscreen_exit,low,2026-02-04 10:53:00
276,301,64,3,fullscreen_exit,medium,2026-02-26 14:00:00
277,301,64,3,fullscreen_exit,low,2026-02-26 14:00:00
278,301,64,3,camera_off,medium,2026-02-26 14:00:00
279,303,48,6,fullscreen_exit,medium,2026-02-02 02:23:00
280,304,203,5,tab_switch,high,2026-01-30 13:41:00
281,305,110,8,fullscreen_exit,high,2026-01-10 04:37:00
282,310,112,2,camera_off,low,2026-01-13 04:48:00
283,310,112,2,fullscreen_exit,high,2026-01-13 04:48:00
284,311,220,6,tab_switch,low,2026-01-18 07:17:00
285,311,220,6,multiple_faces,low,2026-01-18 07:17:00
286,311,220,6,tab_switch,medium,2026-01-18 07:17:00
287,312,146,1,multiple_faces,high,2026-02-08 06:33:00
288,312,146,1,tab_switch,high,2026-02-08 06:33:00
289,312,146,1,multiple_faces,low,2026-02-08 06:33:00
290,316,111,1,fullscreen_exit,medium,2026-01-08 12:32:00
291,317,206,2,camera_off,low,2026-03-10 17:39:00
292,318,41,9,tab_switch,low,2026-01-27 04:34:00
293,318,41,9,multiple_faces,high,2026-01-27 04:34:00
294,318,41,9,tab_switch,high,2026-01-27 04:34:00
295,319,224,4,multiple_faces,medium,2026-01-08 07:05:00
296,320,233,10,multiple_faces,high,2026-03-19 01:19:00
297,324,40,8,fullscreen_exit,medium,2026-02-28 16:23:00
298,324,40,8,camera_off,medium,2026-02-28 16:23:00
299,328,115,6,camera_off,medium,2026-02-01 13:58:00
300,329,40,10,tab_switch,low,2026-02-17 03:32:00
301,330,115,9,camera_off,low,2026-01-06 12:04:00
302,330,115,9,tab_switch,low,2026-01-06 12:04:00
303,335,1,7,camera_off,medium,2026-02-09 03:13:00
304,338,39,10,tab_switch,low,2026-03-14 01:27:00
305,340,163,8,multiple_faces,high,2026-02-04 07:04:00
306,341,300,2,fullscreen_exit,low,2026-01-20 03:10:00
307,345,90,1,camera_off,high,2026-02-21 14:35:00
308,346,49,8,fullscreen_exit,high,2026-01-14 04:07:00
309,346,49,8,tab_switch,low,2026-01-14 04:07:00
310,349,228,3,multiple_faces,medium,2026-01-12 10:07:00
311,349,228,3,tab_switch,low,2026-01-12 10:07:00
312,349,228,3,camera_off,high,2026-01-12 10:07:00
313,351,89,6,camera_off,low,2026-01-28 05:17:00
314,353,144,7,camera_off,low,2026-01-18 13:12:00
315,353,144,7,camera_off,high,2026-01-18 13:12:00
316,355,290,9,tab_switch,low,2026-02-11 12:17:00
317,355,290,9,multiple_faces,low,2026-02-11 12:17:00
318,357,52,4,fullscreen_exit,low,2026-01-31 08:34:00
319,359,91,4,multiple_faces,medium,2026-03-17 10:51:00
320,359,91,4,tab_switch,medium,2026-03-17 10:51:00
321,367,90,7,fullscreen_exit,low,2026-02-09 23:44:00
322,368,294,7,fullscreen_exit,medium,2026-03-14 01:11:00
323,368,294,7,camera_off,low,2026-03-14 01:11:00
324,368,294,7,fullscreen_exit,high,2026-03-14 01:11:00
325,369,54,8,multiple_faces,medium,2026-01-19 10:47:00
326,369,54,8,tab_switch,low,2026-01-19 10:47:00
327,370,86,2,fullscreen_exit,high,2026-02-12 14:00:00
328,371,180,5,fullscreen_exit,low,2026-01-14 23:00:00
329,372,86,7,multiple_faces,high,2026-03-05 12:22:00
330,372,86,7,camera_off,low,2026-03-05 12:22:00
331,372,86,7,tab_switch,medium,2026-03-05 12:22:00
332,373,296,4,fullscreen_exit,low,2026-01-21 14:04:00
333,373,296,4,camera_off,high,2026-01-21 14:04:00
334,375,83,2,tab_switch,high,2026-03-12 02:21:00
335,379,28,6,tab_switch,low,2026-01-01 13:05:00
336,381,60,5,fullscreen_exit,low,2026-02-20 15:31:00
337,387,244,5,camera_off,medium,2026-01-11 12:57:00
338,389,62,8,fullscreen_exit,high,2026-01-23 05:13:00
339,389,62,8,fullscreen_exit,low,2026-01-23 05:13:00
340,389,62,8,multiple_faces,low,2026-01-23 05:13:00
341,391,164,2,fullscreen_exit,medium,2026-01-12 12:35:00
342,391,164,2,camera_off,low,2026-01-12 12:35:00
343,392,267,8,camera_off,high,2026-01-02 22:39:00
344,393,213,3,camera_off,low,2026-01-19 18:37:00
345,394,289,2,camera_off,high,2026-02-06 17:56:00
346,395,197,8,multiple_faces,high,2026-03-15 19:30:00
347,397,122,1,camera_off,low,2026-03-02 08:57:00
348,398,160,5,fullscreen_exit,medium,2026-03-04 22:43:00
349,398,160,5,tab_switch,high,2026-03-04 22:43:00
350,398,160,5,fullscreen_exit,high,2026-03-04 22:43:00
351,399,154,8,camera_off,medium,2026-02-11 08:46:00
352,401,192,1,tab_switch,high,2026-03-07 05:04:00
353,404,141,6,multiple_faces,low,2026-03-01 16:25:00
354,405,124,6,fullscreen_exit,low,2026-03-04 19:28:00
355,407,47,5,fullscreen_exit,medium,2026-01-04 12:03:00
356,408,116,4,fullscreen_exit,medium,2026-02-04 20:26:00
357,408,116,4,fullscreen_exit,high,2026-02-04 20:26:00
358,408,116,4,tab_switch,low,2026-02-04 20:26:00
359,412,288,10,tab_switch,high,2026-03-19 09:19:00
360,415,207,6,fullscreen_exit,low,2026-01-18 23:01:00
361,417,114,9,camera_off,medium,2026-03-02 21:22:00
362,418,93,5,tab_switch,low,2026-01-13 15:08:00
363,418,93,5,camera_off,high,2026-01-13 15:08:00
364,419,287,3,multiple_faces,high,2026-02-12 20:05:00
365,420,216,6,tab_switch,high,2026-02-17 08:37:00
366,421,28,10,multiple_faces,medium,2026-03-16 19:04:00
367,423,103,6,fullscreen_exit,low,2026-02-22 18:57:00
368,423,103,6,fullscreen_exit,low,2026-02-22 18:57:00
369,424,74,6,fullscreen_exit,low,2026-01-24 02:31:00
370,424,74,6,multiple_faces,medium,2026-01-24 02:31:00
371,425,30,1,tab_switch,high,2026-02-27 08:13:00
372,427,220,8,multiple_faces,medium,2026-02-19 00:02:00
373,429,177,5,tab_switch,medium,2026-01-17 03:24:00
374,430,34,1,camera_off,medium,2026-02-08 09:29:00
375,431,269,6,camera_off,high,2026-02-25 21:08:00
376,431,269,6,camera_off,high,2026-02-25 21:08:00
377,433,12,10,camera_off,high,2026-03-06 05:07:00
378,433,12,10,fullscreen_exit,medium,2026-03-06 05:07:00
379,433,12,10,fullscreen_exit,medium,2026-03-06 05:07:00
380,436,79,4,camera_off,high,2026-03-22 00:19:00
381,437,139,10,camera_off,low,2026-03-19 22:08:00
382,438,61,5,tab_switch,low,2026-01-15 03:31:00
383,438,61,5,tab_switch,medium,2026-01-15 03:31:00
384,440,255,4,multiple_faces,high,2026-03-03 10:15:00
385,442,119,8,multiple_faces,low,2026-02-07 08:29:00
386,442,119,8,camera_off,low,2026-02-07 08:29:00
387,444,71,3,multiple_faces,medium,2026-02-12 11:57:00
388,444,71,3,fullscreen_exit,low,2026-02-12 11:57:00
389,446,198,8,fullscreen_exit,low,2026-02-23 20:56:00
390,448,292,8,fullscreen_exit,high,2026-01-24 19:24:00
391,448,292,8,tab_switch,high,2026-01-24 19:24:00
392,450,24,2,fullscreen_exit,medium,2026-02-03 20:20:00
393,451,266,9,multiple_faces,high,2026-03-21 03:27:00
394,451,266,9,multiple_faces,medium,2026-03-21 03:27:00
395,451,266,9,multiple_faces,high,2026-03-21 03:27:00
396,454,252,6,tab_switch,low,2026-01-31 10:17:00
397,454,252,6,tab_switch,high,2026-01-31 10:17:00
398,455,194,7,multiple_faces,medium,2026-01-31 02:29:00
399,458,261,9,fullscreen_exit,low,2026-01-27 20:42:00
400,460,243,6,tab_switch,high,2026-02-27 03:06:00
401,461,2,6,multiple_faces,medium,2026-02-15 20:51:00
402,466,222,10,camera_off,medium,2026-03-03 16:49:00
403,466,222,10,fullscreen_exit,high,2026-03-03 16:49:00
404,467,297,3,fullscreen_exit,low,2026-01-17 03:24:00
405,467,297,3,fullscreen_exit,medium,2026-01-17 03:24:00
406,470,161,9,camera_off,low,2026-03-22 06:12:00
407,472,288,8,tab_switch,low,2026-03-16 18:42:00
408,472,288,8,fullscreen_exit,low,2026-03-16 18:42:00
409,472,288,8,tab_switch,low,2026-03-16 18:42:00
410,473,274,5,camera_off,low,2026-02-24 00:33:00
411,474,28,1,tab_switch,high,2026-01-26 08:48:00
412,475,129,3,camera_off,low,2026-01-08 22:50:00
413,476,232,2,tab_switch,medium,2026-03-20 21:47:00
414,478,199,7,multiple_faces,high,2026-02-10 17:03:00
415,478,199,7,multiple_faces,high,2026-02-10 17:03:00
416,478,199,7,camera_off,medium,2026-02-10 17:03:00
417,481,62,7,tab_switch,medium,2026-01-06 13:17:00
418,482,300,5,multiple_faces,medium,2026-01-01 10:29:00
419,482,300,5,tab_switch,low,2026-01-01 10:29:00
420,483,21,3,tab_switch,medium,2026-02-11 19:03:00
421,483,21,3,tab_switch,high,2026-02-11 19:03:00
422,483,21,3,camera_off,high,2026-02-11 19:03:00
423,487,170,6,tab_switch,high,2026-02-16 09:13:00
424,488,288,1,tab_switch,medium,2026-01-15 21:22:00
425,490,265,6,fullscreen_exit,low,2026-03-07 16:28:00
426,491,165,9,tab_switch,high,2026-01-11 03:10:00
427,491,165,9,tab_switch,low,2026-01-11 03:10:00
428,494,20,2,camera_off,medium,2026-01-10 01:11:00
429,494,20,2,multiple_faces,low,2026-01-10 01:11:00
430,494,20,2,multiple_faces,low,2026-01-10 01:11:00
431,495,37,10,fullscreen_exit,low,2026-01-30 08:26:00
432,497,24,2,camera_off,low,2026-02-15 16:06:00
433,497,24,2,multiple_faces,low,2026-02-15 16:06:00
434,498,145,8,camera_off,high,2026-02-18 12:52:00
435,503,212,9,fullscreen_exit,medium,2026-01-19 05:11:00
436,504,59,3,camera_off,medium,2026-03-14 01:54:00
437,505,237,9,fullscreen_exit,high,2026-01-10 09:42:00
438,505,237,9,multiple_faces,medium,2026-01-10 09:42:00
439,506,298,8,multiple_faces,high,2026-02-12 11:08:00
440,506,298,8,fullscreen_exit,high,2026-02-12 11:08:00
441,507,146,10,tab_switch,low,2026-01-09 06:20:00
442,509,87,1,fullscreen_exit,medium,2026-02-10 07:50:00
443,509,87,1,multiple_faces,medium,2026-02-10 07:50:00
444,513,260,1,tab_switch,medium,2026-03-16 18:25:00
445,513,260,1,multiple_faces,high,2026-03-16 18:25:00
446,513,260,1,camera_off,medium,2026-03-16 18:25:00
447,514,19,9,multiple_faces,high,2026-02-03 17:57:00
448,514,19,9,multiple_faces,high,2026-02-03 17:57:00
449,517,6,4,multiple_faces,low,2026-03-20 21:10:00
450,518,229,3,fullscreen_exit,medium,2026-01-23 18:36:00
451,519,184,1,multiple_faces,medium,2026-01-29 15:14:00
452,520,22,4,multiple_faces,medium,2026-03-08 11:24:00
453,520,22,4,fullscreen_exit,low,2026-03-08 11:24:00
454,522,297,9,fullscreen_exit,high,2026-03-14 05:24:00
455,523,40,9,fullscreen_exit,medium,2026-02-02 12:58:00
456,523,40,9,multiple_faces,low,2026-02-02 12:58:00
457,524,177,8,camera_off,high,2026-03-03 19:00:00
458,526,81,6,fullscreen_exit,low,2026-03-19 22:52:00
459,527,170,2,tab_switch,high,2026-03-03 21:30:00
460,530,208,10,fullscreen_exit,medium,2026-03-14 20:01:00
461,530,208,10,tab_switch,high,2026-03-14 20:01:00
462,533,94,10,camera_off,high,2026-03-07 08:10:00
463,535,9,4,fullscreen_exit,low,2026-03-08 16:43:00
464,536,91,8,fullscreen_exit,medium,2026-03-20 19:02:00
465,536,91,8,camera_off,high,2026-03-20 19:02:00
466,536,91,8,camera_off,low,2026-03-20 19:02:00
467,539,196,6,tab_switch,high,2026-03-17 23:58:00
468,539,196,6,multiple_faces,medium,2026-03-17 23:58:00
469,539,196,6,tab_switch,low,2026-03-17 23:58:00
470,542,268,2,camera_off,low,2026-03-08 00:24:00
471,545,105,7,multiple_faces,low,2026-03-12 17:30:00
472,545,105,7,fullscreen_exit,low,2026-03-12 17:30:00
473,547,61,4,multiple_faces,low,2026-02-27 22:10:00
474,549,47,3,camera_off,low,2026-03-02 19:27:00
475,549,47,3,multiple_faces,low,2026-03-02 19:27:00
476,550,190,2,fullscreen_exit,medium,2026-03-19 01:46:00
477,550,190,2,multiple_faces,high,2026-03-19 01:46:00
478,551,147,10,fullscreen_exit,medium,2026-01-08 05:40:00
479,552,266,5,tab_switch,medium,2026-01-25 01:50:00
480,553,19,6,multiple_faces,medium,2026-01-31 20:00:00
481,553,19,6,fullscreen_exit,medium,2026-01-31 20:00:00
482,553,19,6,tab_switch,low,2026-01-31 20:00:00
483,554,142,7,fullscreen_exit,medium,2026-02-15 21:25:00
484,554,142,7,fullscreen_exit,high,2026-02-15 21:25:00
485,554,142,7,camera_off,medium,2026-02-15 21:25:00
486,556,299,6,multiple_faces,medium,2026-02-14 08:14:00
487,557,207,10,tab_switch,medium,2026-01-01 08:11:00
488,557,207,10,camera_off,high,2026-01-01 08:11:00
489,558,38,9,multiple_faces,low,2026-02-07 10:07:00
490,558,38,9,multiple_faces,medium,2026-02-07 10:07:00
491,558,38,9,multiple_faces,high,2026-02-07 10:07:00
492,562,162,7,tab_switch,low,2026-02-15 16:34:00
493,563,148,2,camera_off,medium,2026-02-21 21:47:00
494,564,284,3,tab_switch,low,2026-03-02 10:22:00
495,566,118,4,camera_off,low,2026-02-01 19:22:00
496,566,118,4,multiple_faces,medium,2026-02-01 19:22:00
497,568,247,6,camera_off,low,2026-03-21 10:31:00
498,570,270,7,multiple_faces,low,2026-03-03 17:02:00
499,573,281,5,multiple_faces,high,2026-01-31 08:30:00
500,574,188,3,camera_off,medium,2026-03-05 13:13:00
501,575,206,5,multiple_faces,high,2026-02-27 05:36:00
502,576,139,4,tab_switch,low,2026-03-13 13:54:00
503,581,11,7,tab_switch,low,2026-01-16 11:55:00
504,583,41,7,tab_switch,low,2026-03-20 09:29:00
505,583,41,7,multiple_faces,medium,2026-03-20 09:29:00
506,585,83,6,multiple_faces,low,2026-01-30 10:20:00
507,585,83,6,multiple_faces,medium,2026-01-30 10:20:00
508,588,108,3,fullscreen_exit,high,2026-02-20 03:06:00
509,588,108,3,fullscreen_exit,high,2026-02-20 03:06:00
510,588,108,3,fullscreen_exit,high,2026-02-20 03:06:00
511,589,28,1,camera_off,medium,2026-02-20 16:48:00
512,590,135,10,camera_off,high,2026-01-20 02:41:00
513,591,159,4,fullscreen_exit,high,2026-02-01 23:18:00
514,591,159,4,fullscreen_exit,medium,2026-02-01 23:18:00
515,591,159,4,multiple_faces,low,2026-02-01 23:18:00
516,592,270,3,camera_off,low,2026-01-04 01:42:00
517,592,270,3,multiple_faces,low,2026-01-04 01:42:00
518,592,270,3,fullscreen_exit,medium,2026-01-04 01:42:00
519,594,234,10,tab_switch,medium,2026-02-25 16:40:00
520,595,247,9,camera_off,high,2026-01-30 02:28:00
521,597,70,6,tab_switch,low,2026-02-06 15:34:00
522,598,154,1,camera_off,low,2026-02-25 09:38:00
523,600,194,4,camera_off,medium,2026-02-03 02:27:00
524,601,273,5,camera_off,medium,2026-02-22 06:54:00
525,603,97,6,multiple_faces,high,2026-01-03 04:03:00
526,603,97,6,fullscreen_exit,medium,2026-01-03 04:03:00
527,603,97,6,multiple_faces,medium,2026-01-03 04:03:00
528,604,96,2,camera_off,low,2026-02-06 08:08:00
529,605,5,4,tab_switch,high,2026-01-12 04:00:00
530,608,99,5,camera_off,high,2026-02-18 00:07:00
531,609,198,8,multiple_faces,medium,2026-02-01 23:02:00
532,610,107,8,fullscreen_exit,high,2026-02-19 21:19:00
533,611,22,9,multiple_faces,low,2026-03-08 03:16:00
534,611,22,9,camera_off,low,2026-03-08 03:16:00
535,612,185,1,camera_off,low,2026-01-28 03:15:00
536,612,185,1,camera_off,low,2026-01-28 03:15:00
537,614,22,10,fullscreen_exit,low,2026-03-02 22:38:00
538,614,22,10,tab_switch,low,2026-03-02 22:38:00
539,615,81,8,multiple_faces,medium,2026-01-12 21:39:00
540,616,183,3,fullscreen_exit,medium,2026-03-10 03:08:00
541,617,178,8,tab_switch,low,2026-01-25 00:44:00
542,618,21,8,multiple_faces,medium,2026-02-26 17:18:00
543,619,291,3,fullscreen_exit,medium,2026-03-11 11:20:00
544,620,284,3,fullscreen_exit,high,2026-01-09 16:09:00
545,620,284,3,tab_switch,high,2026-01-09 16:09:00
546,621,188,8,camera_off,high,2026-01-01 20:32:00
547,621,188,8,fullscreen_exit,high,2026-01-01 20:32:00
548,625,17,4,fullscreen_exit,high,2026-01-14 15:12:00
549,627,107,8,fullscreen_exit,low,2026-01-11 14:51:00
550,627,107,8,tab_switch,medium,2026-01-11 14:51:00
551,628,213,6,fullscreen_exit,high,2026-01-08 19:17:00
552,628,213,6,multiple_faces,low,2026-01-08 19:17:00
553,629,40,4,camera_off,medium,2026-03-08 03:06:00
554,631,286,7,tab_switch,low,2026-01-14 20:36:00
555,631,286,7,multiple_faces,medium,2026-01-14 20:36:00
556,631,286,7,camera_off,low,2026-01-14 20:36:00
557,632,54,3,fullscreen_exit,low,2026-01-24 17:25:00
558,633,227,6,fullscreen_exit,high,2026-02-10 17:20:00
559,633,227,6,tab_switch,high,2026-02-10 17:20:00
560,633,227,6,fullscreen_exit,low,2026-02-10 17:20:00
561,634,221,6,multiple_faces,medium,2026-03-19 07:36:00
562,636,9,9,fullscreen_exit,medium,2026-01-18 09:00:00
563,637,162,1,tab_switch,high,2026-02-05 17:32:00
564,638,20,8,multiple_faces,medium,2026-02-15 04:08:00
565,638,20,8,camera_off,medium,2026-02-15 04:08:00
566,638,20,8,tab_switch,low,2026-02-15 04:08:00
567,640,167,8,camera_off,high,2026-01-23 15:52:00
568,641,296,2,camera_off,low,2026-03-18 20:19:00
569,643,117,10,tab_switch,medium,2026-01-02 20:49:00
570,643,117,10,tab_switch,medium,2026-01-02 20:49:00
571,645,26,7,camera_off,high,2026-02-27 19:36:00
572,646,149,7,tab_switch,medium,2026-01-19 04:21:00
573,647,205,5,fullscreen_exit,high,2026-01-11 12:32:00
574,647,205,5,camera_off,high,2026-01-11 12:32:00
575,648,247,9,fullscreen_exit,high,2026-01-26 15:25:00
576,650,295,2,multiple_faces,high,2026-01-15 21:26:00
577,651,165,6,tab_switch,low,2026-03-18 20:01:00
578,652,180,10,camera_off,high,2026-02-26 19:09:00
579,652,180,10,fullscreen_exit,low,2026-02-26 19:09:00
580,655,276,4,multiple_faces,low,2026-01-27 17:33:00
581,656,248,10,tab_switch,medium,2026-01-19 22:44:00
582,660,249,10,tab_switch,high,2026-03-10 02:11:00
583,661,12,1,tab_switch,low,2026-02-01 16:19:00
584,661,12,1,tab_switch,low,2026-02-01 16:19:00
585,661,12,1,tab_switch,low,2026-02-01 16:19:00
586,663,132,7,tab_switch,low,2026-01-04 17:17:00
587,664,71,2,camera_off,high,2026-02-18 16:43:00
588,664,71,2,fullscreen_exit,medium,2026-02-18 16:43:00
589,666,230,9,camera_off,medium,2026-01-17 06:41:00
590,667,159,9,camera_off,high,2026-01-18 13:58:00
591,667,159,9,camera_off,medium,2026-01-18 13:58:00
592,669,163,3,camera_off,medium,2026-01-04 10:56:00
593,674,243,3,camera_off,medium,2026-01-21 06:14:00
594,674,243,3,fullscreen_exit,high,2026-01-21 06:14:00
595,679,21,9,multiple_faces,high,2026-02-19 16:48:00
596,679,21,9,camera_off,low,2026-02-19 16:48:00
597,680,150,8,multiple_faces,low,2026-02-20 09:49:00
598,680,150,8,camera_off,high,2026-02-20 09:49:00
599,680,150,8,multiple_faces,medium,2026-02-20 09:49:00
600,681,86,7,fullscreen_exit,low,2026-02-07 19:58:00
601,683,280,3,fullscreen_exit,low,2026-02-20 13:20:00
602,683,280,3,camera_off,medium,2026-02-20 13:20:00
603,683,280,3,camera_off,medium,2026-02-20 13:20:00
604,685,47,2,camera_off,medium,2026-02-27 20:23:00
605,685,47,2,camera_off,medium,2026-02-27 20:23:00
606,685,47,2,fullscreen_exit,medium,2026-02-27 20:23:00
607,686,82,7,tab_switch,medium,2026-03-12 12:02:00
608,687,290,3,fullscreen_exit,low,2026-01-21 04:11:00
609,689,93,2,fullscreen_exit,high,2026-01-17 06:00:00
610,690,235,8,camera_off,medium,2026-03-05 17:51:00
611,690,235,8,fullscreen_exit,low,2026-03-05 17:51:00
612,690,235,8,multiple_faces,high,2026-03-05 17:51:00
613,693,26,3,multiple_faces,high,2026-01-19 01:41:00
614,693,26,3,multiple_faces,high,2026-01-19 01:41:00
615,695,92,3,fullscreen_exit,high,2026-02-06 19:42:00
616,695,92,3,fullscreen_exit,high,2026-02-06 19:42:00
617,697,35,7,fullscreen_exit,low,2026-03-12 02:18:00
618,698,169,9,camera_off,high,2026-02-22 16:13:00
619,698,169,9,tab_switch,medium,2026-02-22 16:13:00
620,698,169,9,multiple_faces,medium,2026-02-22 16:13:00
621,699,293,9,multiple_faces,high,2026-01-12 15:46:00
622,699,293,9,tab_switch,low,2026-01-12 15:46:00
623,699,293,9,camera_off,medium,2026-01-12 15:46:00
624,700,163,5,camera_off,high,2026-03-09 18:39:00
625,700,163,5,camera_off,low,2026-03-09 18:39:00
626,701,255,9,tab_switch,low,2026-03-22 15:31:00
627,703,213,7,fullscreen_exit,medium,2026-01-06 10:22:00
628,703,213,7,multiple_faces,low,2026-01-06 10:22:00
629,704,104,5,camera_off,low,2026-02-02 02:19:00
630,705,59,6,fullscreen_exit,medium,2026-02-13 12:46:00
631,705,59,6,tab_switch,low,2026-02-13 12:46:00
632,710,34,3,fullscreen_exit,low,2026-02-05 00:21:00
633,711,293,10,fullscreen_exit,low,2026-02-19 05:38:00
634,712,17,5,multiple_faces,high,2026-02-22 02:31:00
635,714,104,2,multiple_faces,medium,2026-02-26 16:01:00
636,715,79,4,tab_switch,medium,2026-02-13 15:46:00
637,717,19,8,camera_off,medium,2026-02-19 22:55:00
638,717,19,8,fullscreen_exit,medium,2026-02-19 22:55:00
639,718,23,10,multiple_faces,high,2026-01-12 10:29:00
640,718,23,10,multiple_faces,high,2026-01-12 10:29:00
641,720,103,4,tab_switch,low,2026-02-06 08:34:00
642,721,140,3,camera_off,low,2026-01-21 08:07:00
643,721,140,3,fullscreen_exit,medium,2026-01-21 08:07:00
644,723,126,3,multiple_faces,low,2026-01-10 09:39:00
645,723,126,3,camera_off,low,2026-01-10 09:39:00
646,724,228,1,tab_switch,low,2026-01-17 00:30:00
647,731,145,6,multiple_faces,low,2026-03-19 18:08:00
648,733,125,9,camera_off,low,2026-01-21 15:24:00
649,733,125,9,multiple_faces,high,2026-01-21 15:24:00
650,733,125,9,tab_switch,medium,2026-01-21 15:24:00
651,734,221,7,fullscreen_exit,high,2026-03-14 10:34:00
652,734,221,7,tab_switch,high,2026-03-14 10:34:00
653,735,294,8,tab_switch,low,2026-01-15 18:38:00
654,735,294,8,fullscreen_exit,low,2026-01-15 18:38:00
655,736,91,5,multiple_faces,high,2026-02-21 02:38:00
656,737,254,1,multiple_faces,high,2026-01-12 06:52:00
657,738,77,8,multiple_faces,medium,2026-03-10 09:24:00
658,738,77,8,tab_switch,medium,2026-03-10 09:24:00
659,738,77,8,multiple_faces,medium,2026-03-10 09:24:00
660,739,106,6,tab_switch,high,2026-02-08 18:50:00
661,740,223,6,multiple_faces,high,2026-01-12 18:00:00
662,740,223,6,fullscreen_exit,medium,2026-01-12 18:00:00
663,741,151,1,fullscreen_exit,low,2026-02-17 17:03:00
664,742,145,1,multiple_faces,high,2026-01-31 13:44:00
665,742,145,1,multiple_faces,high,2026-01-31 13:44:00
666,745,69,1,fullscreen_exit,low,2026-01-10 20:01:00
667,745,69,1,multiple_faces,medium,2026-01-10 20:01:00
668,745,69,1,tab_switch,medium,2026-01-10 20:01:00
669,748,182,4,fullscreen_exit,low,2026-01-24 13:38:00
670,749,257,5,fullscreen_exit,medium,2026-02-22 17:36:00
671,749,257,5,multiple_faces,medium,2026-02-22 17:36:00
672,750,248,6,tab_switch,high,2026-01-15 18:30:00
673,758,78,8,multiple_faces,low,2026-02-17 05:16:00
674,760,79,8,camera_off,high,2026-02-22 12:15:00
675,762,27,3,fullscreen_exit,medium,2026-03-01 12:30:00
676,763,200,8,camera_off,high,2026-02-03 04:33:00
677,763,200,8,multiple_faces,low,2026-02-03 04:33:00
678,763,200,8,tab_switch,medium,2026-02-03 04:33:00
679,766,172,5,tab_switch,medium,2026-02-04 03:16:00
680,766,172,5,tab_switch,medium,2026-02-04 03:16:00
681,766,172,5,fullscreen_exit,medium,2026-02-04 03:16:00
682,769,180,4,tab_switch,medium,2026-02-06 08:12:00
683,770,112,10,camera_off,high,2026-01-16 22:07:00
684,770,112,10,fullscreen_exit,medium,2026-01-16 22:07:00
685,770,112,10,camera_off,high,2026-01-16 22:07:00
686,771,290,3,fullscreen_exit,high,2026-01-15 22:11:00
687,771,290,3,multiple_faces,low,2026-01-15 22:11:00
688,772,233,5,multiple_faces,medium,2026-02-24 22:57:00
689,772,233,5,camera_off,medium,2026-02-24 22:57:00
690,773,83,2,tab_switch,high,2026-02-05 01:24:00
691,779,224,7,camera_off,medium,2026-01-09 17:14:00
692,779,224,7,fullscreen_exit,medium,2026-01-09 17:14:00
693,780,291,9,fullscreen_exit,low,2026-02-15 10:43:00
694,786,19,6,multiple_faces,high,2026-01-08 10:50:00
695,788,77,10,multiple_faces,medium,2026-01-30 02:02:00
696,789,10,8,tab_switch,medium,2026-03-21 01:15:00
697,789,10,8,fullscreen_exit,medium,2026-03-21 01:15:00
698,789,10,8,fullscreen_exit,medium,2026-03-21 01:15:00
699,791,88,10,multiple_faces,low,2026-01-09 03:07:00
700,791,88,10,camera_off,high,2026-01-09 03:07:00
701,794,33,2,tab_switch,high,2026-02-05 04:48:00
702,795,85,8,fullscreen_exit,low,2026-02-01 18:02:00
703,797,146,7,fullscreen_exit,medium,2026-03-02 22:08:00
704,797,146,7,fullscreen_exit,medium,2026-03-02 22:08:00
705,797,146,7,multiple_faces,high,2026-03-02 22:08:00
706,798,231,7,camera_off,high,2026-01-31 05:39:00
707,799,46,5,fullscreen_exit,high,2026-02-14 13:00:00
708,801,260,4,tab_switch,medium,2026-03-01 20:42:00
709,801,260,4,multiple_faces,low,2026-03-01 20:42:00
710,801,260,4,multiple_faces,high,2026-03-01 20:42:00
711,803,187,5,tab_switch,low,2026-01-27 13:16:00
712,808,75,4,multiple_faces,high,2026-03-20 14:11:00
713,808,75,4,multiple_faces,medium,2026-03-20 14:11:00
714,809,100,6,multiple_faces,high,2026-02-04 06:21:00
715,809,100,6,fullscreen_exit,medium,2026-02-04 06:21:00
716,810,70,2,tab_switch,high,2026-03-01 14:26:00
717,810,70,2,fullscreen_exit,high,2026-03-01 14:26:00
718,811,152,10,multiple_faces,low,2026-01-21 20:39:00
719,812,45,7,multiple_faces,medium,2026-03-08 15:55:00
720,812,45,7,fullscreen_exit,medium,2026-03-08 15:55:00
721,814,127,6,multiple_faces,medium,2026-02-25 18:14:00
722,814,127,6,tab_switch,high,2026-02-25 18:14:00
723,815,77,10,multiple_faces,high,2026-01-01 13:02:00
724,815,77,10,camera_off,high,2026-01-01 13:02:00
725,816,18,7,multiple_faces,high,2026-03-09 12:30:00
726,816,18,7,multiple_faces,medium,2026-03-09 12:30:00
727,816,18,7,multiple_faces,low,2026-03-09 12:30:00
728,817,51,8,camera_off,low,2026-03-05 07:05:00
729,818,112,3,tab_switch,high,2026-02-15 09:15:00
730,819,246,5,multiple_faces,low,2026-01-21 22:29:00
731,822,17,5,multiple_faces,high,2026-02-24 08:44:00
732,825,287,2,multiple_faces,high,2026-03-13 22:49:00
733,826,277,2,camera_off,low,2026-03-03 23:48:00
734,827,165,6,camera_off,low,2026-02-04 16:43:00
735,828,191,6,camera_off,medium,2026-02-27 15:32:00
736,832,12,5,multiple_faces,low,2026-02-23 21:34:00
737,833,178,7,multiple_faces,low,2026-02-26 23:41:00
738,834,12,4,multiple_faces,high,2026-03-08 20:21:00
739,834,12,4,tab_switch,high,2026-03-08 20:21:00
740,835,249,10,camera_off,low,2026-03-09 17:28:00
741,835,249,10,multiple_faces,high,2026-03-09 17:28:00
742,836,88,5,tab_switch,high,2026-01-30 15:23:00
743,836,88,5,tab_switch,high,2026-01-30 15:23:00
744,836,88,5,multiple_faces,high,2026-01-30 15:23:00
745,837,76,6,multiple_faces,low,2026-02-06 14:10:00
746,837,76,6,multiple_faces,medium,2026-02-06 14:10:00
747,837,76,6,tab_switch,high,2026-02-06 14:10:00
748,838,147,3,tab_switch,medium,2026-01-23 22:44:00
749,838,147,3,multiple_faces,high,2026-01-23 22:44:00
750,840,190,3,tab_switch,medium,2026-01-27 17:45:00
751,840,190,3,multiple_faces,high,2026-01-27 17:45:00
752,841,76,6,multiple_faces,medium,2026-02-27 17:10:00
753,841,76,6,tab_switch,low,2026-02-27 17:10:00
754,841,76,6,camera_off,medium,2026-02-27 17:10:00
755,842,208,8,tab_switch,high,2026-01-19 14:59:00
756,842,208,8,camera_off,medium,2026-01-19 14:59:00
757,845,283,2,multiple_faces,low,2026-02-09 00:25:00
758,845,283,2,fullscreen_exit,low,2026-02-09 00:25:00
759,845,283,2,fullscreen_exit,high,2026-02-09 00:25:00
760,846,183,2,multiple_faces,high,2026-02-11 01:38:00
761,847,101,1,camera_off,medium,2026-01-11 17:54:00
762,849,204,3,fullscreen_exit,medium,2026-02-24 11:24:00
763,850,180,5,fullscreen_exit,high,2026-02-27 17:05:00
764,853,34,10,tab_switch,low,2026-02-18 02:00:00
765,854,90,9,fullscreen_exit,high,2026-03-01 22:36:00
766,854,90,9,fullscreen_exit,medium,2026-03-01 22:36:00
767,855,103,3,camera_off,high,2026-02-18 09:35:00
768,855,103,3,fullscreen_exit,medium,2026-02-18 09:35:00
769,855,103,3,multiple_faces,high,2026-02-18 09:35:00
770,857,135,5,camera_off,low,2026-03-02 03:41:00
771,858,92,8,multiple_faces,medium,2026-02-01 00:07:00
772,859,35,10,tab_switch,low,2026-02-16 18:30:00
773,860,62,6,camera_off,high,2026-03-07 23:36:00
774,863,149,5,multiple_faces,medium,2026-03-09 20:59:00
775,864,49,10,camera_off,medium,2026-01-22 17:20:00
776,865,155,5,fullscreen_exit,high,2026-02-16 03:34:00
777,867,53,4,multiple_faces,high,2026-01-20 16:14:00
778,867,53,4,camera_off,high,2026-01-20 16:14:00
779,868,287,10,multiple_faces,medium,2026-03-09 17:45:00
780,870,186,3,fullscreen_exit,low,2026-02-26 19:33:00
781,870,186,3,fullscreen_exit,low,2026-02-26 19:33:00
782,870,186,3,camera_off,low,2026-02-26 19:33:00
783,872,117,5,tab_switch,high,2026-01-17 06:08:00
784,872,117,5,camera_off,medium,2026-01-17 06:08:00
785,873,58,2,tab_switch,high,2026-01-03 15:48:00
786,874,17,9,camera_off,high,2026-03-17 01:30:00
787,874,17,9,camera_off,medium,2026-03-17 01:30:00
788,875,34,5,multiple_faces,high,2026-01-02 03:50:00
789,879,112,4,tab_switch,low,2026-02-06 05:57:00
790,881,55,3,camera_off,medium,2026-02-15 12:27:00
791,882,58,6,camera_off,high,2026-01-16 14:07:00
792,882,58,6,camera_off,low,2026-01-16 14:07:00
793,883,148,9,multiple_faces,low,2026-01-06 02:20:00
794,885,220,4,fullscreen_exit,low,2026-01-09 15:43:00
795,886,54,7,tab_switch,low,2026-02-26 16:42:00
796,887,203,7,tab_switch,low,2026-03-17 03:47:00
797,889,120,7,multiple_faces,medium,2026-03-05 08:48:00
798,891,262,5,tab_switch,medium,2026-01-19 14:06:00
799,891,262,5,tab_switch,low,2026-01-19 14:06:00
800,892,119,3,multiple_faces,low,2026-01-04 03:47:00
801,893,14,3,tab_switch,high,2026-02-18 19:43:00
802,894,40,9,multiple_faces,medium,2026-03-05 14:12:00
803,895,259,5,multiple_faces,low,2026-03-11 10:51:00
804,896,10,1,multiple_faces,high,2026-02-25 03:24:00
805,898,252,7,multiple_faces,low,2026-01-18 09:45:00
806,898,252,7,fullscreen_exit,medium,2026-01-18 09:45:00
807,899,252,9,multiple_faces,high,2026-03-11 18:30:00
808,901,146,6,fullscreen_exit,high,2026-01-08 00:37:00
809,903,211,6,camera_off,medium,2026-01-08 21:15:00
810,903,211,6,fullscreen_exit,high,2026-01-08 21:15:00
811,904,44,2,fullscreen_exit,high,2026-02-09 03:21:00
812,906,12,6,camera_off,medium,2026-02-18 18:24:00
813,906,12,6,tab_switch,medium,2026-02-18 18:24:00
814,906,12,6,multiple_faces,medium,2026-02-18 18:24:00
815,911,49,10,multiple_faces,medium,2026-02-13 08:04:00
816,911,49,10,camera_off,low,2026-02-13 08:04:00
817,911,49,10,tab_switch,low,2026-02-13 08:04:00
818,913,277,6,fullscreen_exit,high,2026-01-26 13:25:00
819,914,93,1,fullscreen_exit,high,2026-03-22 22:33:00
820,916,31,9,fullscreen_exit,low,2026-01-26 11:29:00
821,921,82,5,fullscreen_exit,high,2026-01-18 00:16:00
822,922,282,3,multiple_faces,high,2026-01-06 23:31:00
823,922,282,3,fullscreen_exit,low,2026-01-06 23:31:00
824,922,282,3,fullscreen_exit,medium,2026-01-06 23:31:00
825,923,43,6,fullscreen_exit,medium,2026-03-19 09:55:00
826,923,43,6,camera_off,medium,2026-03-19 09:55:00
827,923,43,6,fullscreen_exit,high,2026-03-19 09:55:00
828,925,298,9,multiple_faces,medium,2026-02-02 15:56:00
829,929,280,7,multiple_faces,low,2026-03-02 21:15:00
830,929,280,7,multiple_faces,medium,2026-03-02 21:15:00
831,930,186,8,camera_off,medium,2026-02-17 09:01:00
832,931,123,5,tab_switch,high,2026-03-12 12:19:00
833,931,123,5,camera_off,low,2026-03-12 12:19:00
834,932,274,4,fullscreen_exit,medium,2026-02-26 12:00:00
835,933,131,5,tab_switch,medium,2026-01-12 07:19:00
836,933,131,5,multiple_faces,medium,2026-01-12 07:19:00
837,935,212,6,camera_off,low,2026-02-24 03:52:00
838,936,34,6,multiple_faces,medium,2026-02-23 19:46:00
839,940,67,10,multiple_faces,low,2026-02-22 10:28:00
840,941,89,10,multiple_faces,high,2026-02-11 09:12:00
841,941,89,10,multiple_faces,low,2026-02-11 09:12:00
842,943,46,8,multiple_faces,low,2026-01-26 08:44:00
843,945,291,2,fullscreen_exit,high,2026-01-02 22:33:00
844,947,148,8,tab_switch,medium,2026-02-18 04:27:00
845,947,148,8,camera_off,high,2026-02-18 04:27:00
846,947,148,8,tab_switch,medium,2026-02-18 04:27:00
847,948,111,5,multiple_faces,low,2026-01-25 13:11:00
848,948,111,5,camera_off,high,2026-01-25 13:11:00
849,948,111,5,fullscreen_exit,high,2026-01-25 13:11:00
850,952,31,1,fullscreen_exit,high,2026-02-12 07:30:00
851,953,3,5,fullscreen_exit,high,2026-03-06 19:24:00
852,955,240,3,tab_switch,high,2026-01-12 10:45:00
853,955,240,3,fullscreen_exit,medium,2026-01-12 10:45:00
854,956,60,6,multiple_faces,high,2026-01-06 04:31:00
855,956,60,6,camera_off,low,2026-01-06 04:31:00
856,956,60,6,fullscreen_exit,medium,2026-01-06 04:31:00
857,960,241,5,fullscreen_exit,medium,2026-01-21 22:29:00
858,960,241,5,tab_switch,low,2026-01-21 22:29:00
859,960,241,5,tab_switch,high,2026-01-21 22:29:00
860,963,261,5,tab_switch,high,2026-03-14 21:37:00
861,965,49,6,fullscreen_exit,low,2026-01-04 09:43:00
862,965,49,6,multiple_faces,low,2026-01-04 09:43:00
863,965,49,6,fullscreen_exit,high,2026-01-04 09:43:00
864,966,202,6,fullscreen_exit,high,2026-03-17 03:53:00
865,970,196,2,tab_switch,high,2026-02-21 08:11:00
866,972,153,8,tab_switch,high,2026-02-25 23:51:00
867,973,184,2,camera_off,low,2026-02-17 16:12:00
868,973,184,2,multiple_faces,medium,2026-02-17 16:12:00
869,973,184,2,multiple_faces,medium,2026-02-17 16:12:00
870,974,138,10,camera_off,high,2026-03-18 13:05:00
871,974,138,10,fullscreen_exit,low,2026-03-18 13:05:00
872,976,175,8,multiple_faces,high,2026-01-29 20:43:00
873,977,270,9,multiple_faces,low,2026-01-11 09:29:00
874,977,270,9,multiple_faces,high,2026-01-11 09:29:00
875,979,40,1,multiple_faces,low,2026-03-07 03:32:00
876,983,109,3,fullscreen_exit,high,2026-01-11 23:38:00
877,983,109,3,multiple_faces,high,2026-01-11 23:38:00
878,984,274,1,fullscreen_exit,high,2026-01-01 12:07:00
879,985,208,10,camera_off,low,2026-03-04 09:39:00
880,985,208,10,camera_off,low,2026-03-04 09:39:00
881,988,276,4,tab_switch,low,2026-01-12 09:49:00
882,989,12,2,tab_switch,medium,2026-01-22 04:47:00
883,990,242,1,camera_off,high,2026-02-27 18:15:00
884,990,242,1,camera_off,low,2026-02-27 18:15:00
885,994,250,4,camera_off,medium,2026-01-08 16:01:00
886,994,250,4,tab_switch,low,2026-01-08 16:01:00
887,994,250,4,multiple_faces,low,2026-01-08 16:01:00
888,995,33,5,multiple_faces,low,2026-02-23 15:07:00
889,995,33,5,multiple_faces,high,2026-02-23 15:07:00
890,996,224,1,camera_off,medium,2026-01-21 09:46:00
891,996,224,1,tab_switch,medium,2026-01-21 09:46:00
892,999,242,3,tab_switch,low,2026-03-21 06:18:00
893,999,242,3,camera_off,high,2026-03-21 06:18:00
894,1000,67,3,tab_switch,low,2026-01-26 05:38:00
895,1000,67,3,camera_off,low,2026-01-26 05:38:00
896,1000,67,3,multiple_faces,high,2026-01-26 05:38:00
897,1001,156,4,fullscreen_exit,medium,2026-01-27 17:03:00
898,1003,17,2,fullscreen_exit,medium,2026-02-13 13:07:00
899,1003,17,2,fullscreen_exit,high,2026-02-13 13:07:00
900,1003,17,2,tab_switch,medium,2026-02-13 13:07:00
901,1007,288,1,tab_switch,medium,2026-03-06 03:10:00
902,1007,288,1,fullscreen_exit,medium,2026-03-06 03:10:00
903,1007,288,1,tab_switch,medium,2026-03-06 03:10:00
904,1008,81,5,fullscreen_exit,low,2026-02-26 16:31:00
905,1008,81,5,tab_switch,high,2026-02-26 16:31:00
906,1008,81,5,multiple_faces,medium,2026-02-26 16:31:00
907,1010,213,1,fullscreen_exit,low,2026-02-01 15:21:00
908,1010,213,1,camera_off,low,2026-02-01 15:21:00
909,1010,213,1,camera_off,high,2026-02-01 15:21:00
910,1012,216,4,camera_off,high,2026-01-18 13:26:00
911,1013,265,6,tab_switch,low,2026-01-04 14:09:00
912,1014,265,2,camera_off,high,2026-01-11 10:20:00
913,1015,32,7,fullscreen_exit,high,2026-01-05 21:59:00
914,1019,208,4,camera_off,high,2026-02-08 02:02:00
915,1019,208,4,camera_off,medium,2026-02-08 02:02:00
916,1019,208,4,tab_switch,low,2026-02-08 02:02:00
917,1024,230,5,fullscreen_exit,low,2026-03-15 23:00:00
918,1024,230,5,tab_switch,medium,2026-03-15 23:00:00
919,1026,267,4,camera_off,medium,2026-01-14 10:33:00
920,1029,287,9,camera_off,low,2026-02-20 08:37:00
921,1035,157,5,multiple_faces,medium,2026-01-28 05:52:00
922,1035,157,5,multiple_faces,low,2026-01-28 05:52:00
923,1035,157,5,tab_switch,medium,2026-01-28 05:52:00
924,1036,63,9,fullscreen_exit,low,2026-02-14 02:55:00
925,1038,259,8,tab_switch,medium,2026-02-27 21:28:00
926,1039,210,7,camera_off,low,2026-01-30 12:21:00
927,1042,268,4,camera_off,high,2026-03-02 16:57:00
928,1042,268,4,tab_switch,high,2026-03-02 16:57:00
929,1042,268,4,tab_switch,high,2026-03-02 16:57:00
930,1044,44,9,tab_switch,low,2026-03-19 10:25:00
931,1044,44,9,camera_off,medium,2026-03-19 10:25:00
932,1046,196,5,fullscreen_exit,high,2026-01-12 03:06:00
933,1047,94,5,fullscreen_exit,low,2026-01-12 04:19:00
934,1047,94,5,fullscreen_exit,medium,2026-01-12 04:19:00
935,1047,94,5,fullscreen_exit,high,2026-01-12 04:19:00
936,1049,200,2,tab_switch,high,2026-02-10 04:26:00
937,1050,193,2,multiple_faces,high,2026-01-07 06:15:00
938,1050,193,2,tab_switch,low,2026-01-07 06:15:00
939,1050,193,2,camera_off,low,2026-01-07 06:15:00
940,1053,120,1,camera_off,medium,2026-02-04 17:37:00
941,1053,120,1,fullscreen_exit,low,2026-02-04 17:37:00
942,1054,65,5,multiple_faces,medium,2026-03-14 13:28:00
943,1056,22,1,multiple_faces,medium,2026-03-01 19:18:00
944,1056,22,1,camera_off,medium,2026-03-01 19:18:00
945,1057,31,8,multiple_faces,low,2026-02-04 19:16:00
946,1058,180,4,fullscreen_exit,medium,2026-03-16 16:18:00
947,1059,46,7,camera_off,medium,2026-01-16 04:46:00
948,1059,46,7,fullscreen_exit,medium,2026-01-16 04:46:00
949,1059,46,7,multiple_faces,high,2026-01-16 04:46:00
950,1061,232,5,fullscreen_exit,low,2026-02-01 21:20:00
951,1061,232,5,fullscreen_exit,medium,2026-02-01 21:20:00
952,1062,9,3,camera_off,low,2026-01-01 19:30:00
953,1064,16,8,tab_switch,low,2026-01-16 11:52:00
954,1065,91,1,fullscreen_exit,low,2026-01-16 14:23:00
955,1066,5,4,fullscreen_exit,medium,2026-01-03 08:43:00
956,1066,5,4,multiple_faces,high,2026-01-03 08:43:00
957,1067,99,2,tab_switch,high,2026-03-20 20:19:00
958,1067,99,2,camera_off,medium,2026-03-20 20:19:00
959,1067,99,2,camera_off,low,2026-03-20 20:19:00
960,1068,120,8,camera_off,low,2026-02-16 01:17:00
961,1068,120,8,camera_off,high,2026-02-16 01:17:00
962,1069,101,7,camera_off,high,2026-01-15 08:36:00
963,1070,100,10,tab_switch,high,2026-03-19 18:11:00
964,1070,100,10,fullscreen_exit,high,2026-03-19 18:11:00
965,1072,12,9,camera_off,medium,2026-03-20 08:43:00
966,1072,12,9,camera_off,low,2026-03-20 08:43:00
967,1072,12,9,camera_off,high,2026-03-20 08:43:00
968,1073,219,1,camera_off,high,2026-02-11 13:54:00
969,1075,25,5,multiple_faces,low,2026-02-23 17:28:00
970,1075,25,5,fullscreen_exit,low,2026-02-23 17:28:00
971,1075,25,5,multiple_faces,medium,2026-02-23 17:28:00
972,1077,128,4,multiple_faces,medium,2026-01-22 10:19:00
973,1078,246,7,camera_off,high,2026-01-04 18:51:00
974,1079,127,2,tab_switch,low,2026-03-02 07:21:00
975,1079,127,2,fullscreen_exit,high,2026-03-02 07:21:00
976,1079,127,2,fullscreen_exit,low,2026-03-02 07:21:00
977,1080,171,9,tab_switch,low,2026-01-31 02:49:00
978,1080,171,9,multiple_faces,low,2026-01-31 02:49:00
979,1080,171,9,camera_off,medium,2026-01-31 02:49:00
980,1081,229,10,camera_off,medium,2026-01-16 02:03:00
981,1081,229,10,camera_off,high,2026-01-16 02:03:00
982,1083,155,10,camera_off,medium,2026-03-22 13:04:00
983,1085,6,8,fullscreen_exit,low,2026-02-19 14:50:00
984,1085,6,8,multiple_faces,low,2026-02-19 14:50:00
985,1085,6,8,camera_off,low,2026-02-19 14:50:00
986,1087,35,10,fullscreen_exit,low,2026-01-25 18:08:00
987,1088,216,8,fullscreen_exit,high,2026-03-21 14:11:00
988,1090,160,10,multiple_faces,low,2026-03-11 04:09:00
989,1091,189,1,fullscreen_exit,low,2026-03-08 18:42:00
990,1092,260,9,multiple_faces,low,2026-01-07 13:22:00
991,1094,297,10,fullscreen_exit,medium,2026-02-12 19:19:00
992,1094,297,10,tab_switch,medium,2026-02-12 19:19:00
993,1094,297,10,fullscreen_exit,low,2026-02-12 19:19:00
994,1095,233,1,multiple_faces,high,2026-03-05 07:58:00
995,1097,170,7,multiple_faces,medium,2026-01-27 12:11:00
996,1100,16,4,fullscreen_exit,low,2026-01-26 09:11:00
997,1100,16,4,multiple_faces,high,2026-01-26 09:11:00
998,1100,16,4,multiple_faces,medium,2026-01-26 09:11:00
999,1103,108,5,fullscreen_exit,medium,2026-02-28 07:23:00
1000,1103,108,5,fullscreen_exit,medium,2026-02-28 07:23:00
1001,1104,88,9,fullscreen_exit,medium,2026-03-21 13:56:00
1002,1107,168,4,camera_off,high,2026-01-07 20:50:00
1003,1107,168,4,multiple_faces,low,2026-01-07 20:50:00
1004,1108,300,8,fullscreen_exit,low,2026-01-27 23:05:00
1005,1109,34,3,multiple_faces,high,2026-03-07 12:48:00
1006,1109,34,3,multiple_faces,high,2026-03-07 12:48:00
1007,1109,34,3,multiple_faces,low,2026-03-07 12:48:00
1008,1110,261,6,tab_switch,high,2026-03-05 16:29:00
1009,1112,113,4,camera_off,medium,2026-02-27 07:25:00
1010,1112,113,4,multiple_faces,medium,2026-02-27 07:25:00
1011,1112,113,4,tab_switch,medium,2026-02-27 07:25:00
1012,1113,293,3,multiple_faces,medium,2026-02-17 08:35:00
1013,1114,228,9,tab_switch,medium,2026-02-15 07:37:00
1014,1115,231,8,multiple_faces,high,2026-02-25 13:23:00
1015,1115,231,8,tab_switch,low,2026-02-25 13:23:00
1016,1116,140,7,tab_switch,high,2026-01-04 05:28:00
1017,1117,43,5,tab_switch,medium,2026-03-06 16:34:00
1018,1117,43,5,multiple_faces,low,2026-03-06 16:34:00
1019,1117,43,5,multiple_faces,medium,2026-03-06 16:34:00
1020,1119,169,5,fullscreen_exit,low,2026-02-08 23:52:00
1021,1121,279,5,fullscreen_exit,medium,2026-01-02 09:18:00
1022,1121,279,5,fullscreen_exit,low,2026-01-02 09:18:00
1023,1123,117,4,fullscreen_exit,high,2026-01-27 15:14:00
1024,1123,117,4,multiple_faces,medium,2026-01-27 15:14:00
1025,1124,175,2,camera_off,medium,2026-02-10 06:27:00
1026,1124,175,2,tab_switch,medium,2026-02-10 06:27:00
1027,1126,296,3,camera_off,medium,2026-02-09 23:00:00
1028,1127,116,7,tab_switch,high,2026-02-24 21:48:00
1029,1127,116,7,tab_switch,high,2026-02-24 21:48:00
1030,1129,291,10,camera_off,medium,2026-03-19 18:55:00
1031,1131,232,5,multiple_faces,medium,2026-01-12 05:06:00
1032,1131,232,5,fullscreen_exit,medium,2026-01-12 05:06:00
1033,1132,251,1,camera_off,low,2026-01-24 06:04:00
1034,1132,251,1,fullscreen_exit,low,2026-01-24 06:04:00
1035,1134,189,9,fullscreen_exit,high,2026-01-02 05:20:00
1036,1135,201,3,multiple_faces,high,2026-01-15 04:34:00
1037,1136,106,3,camera_off,low,2026-01-27 09:27:00
1038,1138,104,1,multiple_faces,medium,2026-01-19 14:04:00
1039,1144,253,7,fullscreen_exit,high,2026-03-12 03:23:00
1040,1144,253,7,tab_switch,medium,2026-03-12 03:23:00
1041,1145,167,7,multiple_faces,low,2026-02-27 05:16:00
1042,1145,167,7,camera_off,high,2026-02-27 05:16:00
1043,1145,167,7,camera_off,high,2026-02-27 05:16:00
1044,1146,14,2,tab_switch,medium,2026-03-01 12:21:00
1045,1146,14,2,camera_off,high,2026-03-01 12:21:00
1046,1146,14,2,camera_off,low,2026-03-01 12:21:00
1047,1147,100,7,multiple_faces,high,2026-01-05 00:16:00
1048,1147,100,7,camera_off,low,2026-01-05 00:16:00
1049,1151,40,1,multiple_faces,medium,2026-02-04 04:28:00
1050,1152,273,4,camera_off,medium,2026-02-26 22:03:00
1051,1154,194,4,multiple_faces,high,2026-02-01 11:58:00
1052,1155,216,1,multiple_faces,high,2026-01-02 10:52:00
1053,1157,288,4,fullscreen_exit,medium,2026-03-21 06:59:00
1054,1157,288,4,multiple_faces,medium,2026-03-21 06:59:00
1055,1159,7,7,camera_off,medium,2026-01-28 14:14:00
1056,1159,7,7,fullscreen_exit,low,2026-01-28 14:14:00
1057,1159,7,7,camera_off,medium,2026-01-28 14:14:00
1058,1160,23,2,camera_off,high,2026-01-28 13:19:00
1059,1160,23,2,camera_off,low,2026-01-28 13:19:00
1060,1161,53,9,multiple_faces,high,2026-03-14 05:16:00
1061,1161,53,9,fullscreen_exit,low,2026-03-14 05:16:00
1062,1161,53,9,camera_off,high,2026-03-14 05:16:00
1063,1163,163,8,camera_off,medium,2026-01-09 10:01:00
1064,1165,11,10,multiple_faces,high,2026-01-16 09:15:00
1065,1165,11,10,multiple_faces,medium,2026-01-16 09:15:00
1066,1166,125,10,tab_switch,low,2026-01-11 01:08:00
1067,1169,213,5,fullscreen_exit,medium,2026-01-04 07:54:00
1068,1170,125,4,camera_off,low,2026-03-11 01:58:00
1069,1170,125,4,fullscreen_exit,low,2026-03-11 01:58:00
1070,1171,114,10,fullscreen_exit,high,2026-02-18 16:20:00
1071,1171,114,10,fullscreen_exit,high,2026-02-18 16:20:00
1072,1171,114,10,tab_switch,high,2026-02-18 16:20:00
1073,1172,252,2,multiple_faces,high,2026-01-25 01:40:00
1074,1173,65,2,camera_off,medium,2026-01-23 18:35:00
1075,1173,65,2,camera_off,high,2026-01-23 18:35:00
1076,1174,121,9,fullscreen_exit,medium,2026-01-11 13:46:00
1077,1176,140,8,multiple_faces,low,2026-01-11 11:25:00
1078,1176,140,8,fullscreen_exit,low,2026-01-11 11:25:00
1079,1177,217,9,tab_switch,high,2026-03-20 23:27:00
1080,1177,217,9,fullscreen_exit,high,2026-03-20 23:27:00
1081,1177,217,9,tab_switch,low,2026-03-20 23:27:00
1082,1178,247,1,multiple_faces,high,2026-02-18 13:54:00
1083,1181,80,4,camera_off,low,2026-01-01 00:55:00
1084,1181,80,4,tab_switch,high,2026-01-01 00:55:00
1085,1181,80,4,multiple_faces,high,2026-01-01 00:55:00
1086,1184,100,7,multiple_faces,medium,2026-02-02 23:22:00
1087,1184,100,7,multiple_faces,high,2026-02-02 23:22:00
1088,1184,100,7,multiple_faces,low,2026-02-02 23:22:00
1089,1185,30,7,camera_off,low,2026-02-24 23:15:00
1090,1185,30,7,fullscreen_exit,medium,2026-02-24 23:15:00
1091,1193,88,3,tab_switch,medium,2026-02-17 05:45:00
1092,1194,258,2,tab_switch,high,2026-02-27 18:52:00
1093,1196,41,5,tab_switch,high,2026-01-11 12:07:00
1094,1196,41,5,tab_switch,high,2026-01-11 12:07:00
1095,1199,50,4,tab_switch,low,2026-03-08 00:24:00
1096,1199,50,4,fullscreen_exit,medium,2026-03-08 00:24:00
1097,1199,50,4,fullscreen_exit,low,2026-03-08 00:24:00
1098,1200,243,6,fullscreen_exit,low,2026-03-19 13:21:00
1099,1200,243,6,camera_off,low,2026-03-19 13:21:00
